race_id,air_temp_mean,air_temp_min,air_temp_max,track_temp_mean,track_temp_min,track_temp_max,humidity_mean,pressure_mean,wind_speed_mean,wind_direction_mean,rainfall,rainfall_percentage,wet_race,weather_condition,weather_data_available
2010_01,23.08333333333333,18.8,27.6,33.08333333333333,26.8,39.6,64.08333333333333,1012.6125,12.770833333333334,164.875,0.0,0.0,0,Dry,1
2010_02,20.95,18.3,25.1,30.95,26.3,37.1,74.5,1011.2458333333334,15.487500000000002,258.625,5.6,45.83333333333333,1,Rain,1
2010_03,27.0125,24.1,29.7,37.0125,32.1,41.7,83.625,1005.2208333333332,9.8125,115.95833333333331,1.6,16.666666666666664,1,Light rain,1
2010_04,16.533333333333335,14.1,21.1,26.53333333333333,22.1,33.1,87.91666666666667,1014.7166666666666,15.8875,148.20833333333334,4.9,37.5,1,Rain,1
2010_05,14.725,10.1,18.5,24.725,18.1,30.5,85.25,993.125,10.091666666666669,234.20833333333331,0.5,12.5,1,Light rain,1
2010_06,15.449999999999998,10.7,19.5,25.45,18.7,31.5,73.0,1006.7916666666666,6.270833333333333,210.79166666666663,1.4,25.0,1,Light rain,1
2010_07,21.96666666666667,16.1,26.5,31.96666666666667,24.1,38.5,67.45833333333333,997.5208333333334,5.420833333333333,144.875,0.0,0.0,0,Dry,1
2010_08,19.104166666666668,12.8,24.8,29.104166666666668,20.8,36.8,76.04166666666667,1012.9125,6.370833333333333,108.25,0.0,0.0,0,Dry,1
2010_09,24.570833333333336,17.7,30.0,34.57083333333334,25.7,42.0,56.66666666666666,1015.4291666666668,7.116666666666667,185.04166666666663,0.0,0.0,0,Dry,1
2010_10,19.14583333333333,15.5,22.1,29.14583333333333,23.5,34.1,55.0,996.3625,14.425,228.16666666666663,0.1,4.166666666666666,1,Dry with recorded precipitation nearby,1
2010_11,17.15416666666667,11.6,21.1,27.15416666666667,19.6,33.1,60.75,1004.8875,7.4125,282.125,0.0,0.0,0,Dry,1
2010_12,22.09583333333333,17.1,27.2,32.09583333333333,25.1,39.2,74.875,987.7416666666668,8.945833333333333,298.1666666666667,0.2,8.333333333333332,1,Dry with recorded precipitation nearby,1
2010_13,10.883333333333333,8.6,14.6,20.883333333333333,16.6,26.6,90.08333333333331,967.6791666666668,23.49166666666667,254.375,10.4,66.66666666666666,1,Rain,1
2010_14,17.587500000000002,11.6,22.7,27.5875,19.6,34.7,76.75,996.35,5.333333333333333,122.375,0.0,0.0,0,Dry,1
2010_15,27.004166666666663,25.1,28.6,37.00416666666666,33.1,40.6,83.375,1009.0541666666668,3.5,171.04166666666666,21.2,58.333333333333336,1,Rain,1
2010_16,21.058333333333334,19.1,24.3,31.058333333333334,27.1,36.3,79.33333333333333,1006.5083333333332,17.25,305.375,0.0,0.0,0,Dry,1
2010_17,17.175,15.4,18.3,27.175,23.4,30.3,88.04166666666667,1012.3166666666666,15.845833333333331,201.45833333333331,6.2,33.33333333333333,1,Rain,1
2010_18,18.275,14.5,23.3,28.275,22.5,35.3,84.54166666666667,924.9,8.875,93.20833333333331,0.1,4.166666666666666,1,Dry with recorded precipitation nearby,1
2010_19,26.558333333333334,21.5,31.7,36.55833333333334,29.5,43.7,60.04166666666666,1012.6333333333332,13.045833333333334,115.79166666666669,0.4,4.166666666666666,1,Light rain,1
2011_01,15.283333333333331,12.0,19.0,25.28333333333333,20.0,31.0,77.41666666666667,1026.6125,6.050000000000001,158.54166666666666,0.0,0.0,0,Dry,1
2011_02,24.929166666666664,23.3,27.5,34.92916666666666,31.3,39.5,90.95833333333331,1006.4458333333332,4.3625,153.29166666666666,30.5,83.33333333333334,1,Rain,1
2011_03,15.291666666666666,10.1,22.3,25.291666666666664,18.1,34.3,53.833333333333336,1009.6749999999998,7.587500000000001,189.29166666666663,0.0,0.0,0,Dry,1
2011_04,11.1875,6.1,15.5,21.1875,14.1,27.5,77.70833333333333,1000.9916666666668,8.241666666666667,150.66666666666666,0.0,0.0,0,Dry,1
2011_05,20.2,13.5,25.5,30.2,21.5,37.5,66.75,1005.8125,8.387500000000001,229.75,0.0,0.0,0,Dry,1
2011_06,19.370833333333334,14.4,22.6,29.370833333333334,22.4,34.6,74.625,1015.8083333333334,5.058333333333334,188.9583333333333,0.0,0.0,0,Dry,1
2011_07,15.141666666666666,13.3,17.3,25.141666666666666,21.3,29.3,87.20833333333333,1009.4041666666668,16.924999999999997,149.16666666666666,23.3,70.83333333333334,1,Rain,1
2011_08,25.850000000000005,19.9,31.3,35.85000000000001,27.9,43.3,61.875,1019.55,8.862499999999999,150.70833333333334,0.0,0.0,0,Dry,1
2011_09,15.550000000000002,11.1,20.0,25.550000000000004,19.1,32.0,78.375,999.5458333333332,6.608333333333334,266.0833333333333,0.6,12.5,1,Light rain,1
2011_10,9.404166666666669,7.2,12.5,19.40416666666667,15.2,24.5,88.25,938.225,12.816666666666668,245.41666666666663,7.1,70.83333333333334,1,Rain,1
2011_11,15.729166666666666,14.4,17.2,25.729166666666664,22.4,29.2,80.375,982.2708333333334,17.233333333333334,292.3333333333333,1.9,16.666666666666664,1,Light rain,1
2011_12,12.283333333333331,9.5,14.6,22.28333333333333,17.5,26.6,80.41666666666667,971.9208333333332,18.966666666666665,230.3333333333333,0.5,16.666666666666664,1,Light rain,1
2011_13,23.0,20.0,26.1,33.0,28.0,38.1,74.41666666666667,994.1,3.758333333333333,218.75,0.1,4.166666666666666,1,Dry with recorded precipitation nearby,1
2011_14,27.216666666666665,25.0,28.8,37.21666666666667,33.0,40.8,82.25,1009.7833333333334,7.970833333333332,203.66666666666663,6.8,66.66666666666666,1,Rain,1
2011_15,18.53333333333333,14.4,22.5,28.53333333333333,22.4,34.5,74.70833333333333,1019.3833333333332,5.504166666666666,226.41666666666663,0.0,0.0,0,Dry,1
2011_16,16.695833333333333,14.4,19.4,26.695833333333333,22.4,31.4,72.08333333333333,1014.5583333333334,16.345833333333335,290.375,0.1,4.166666666666666,1,Dry with recorded precipitation nearby,1
2011_17,22.58333333333333,15.7,29.6,32.58333333333333,23.7,41.6,61.91666666666666,987.6625,5.375,294.0416666666667,0.0,0.0,0,Dry,1
2011_18,22.73333333333333,15.6,28.2,32.733333333333334,23.6,40.2,67.25,1013.8208333333332,6.8625,242.29166666666663,0.0,0.0,0,Dry,1
2011_19,19.65,17.6,22.9,29.65,25.6,34.9,92.45833333333331,926.625,8.683333333333334,174.54166666666666,14.4,41.66666666666667,1,Rain,1
2012_01,16.508333333333333,10.7,21.4,26.508333333333333,18.7,33.4,77.04166666666667,1023.4625,10.095833333333331,149.16666666666666,0.0,0.0,0,Dry,1
2012_02,25.65833333333333,23.6,29.2,35.65833333333333,31.6,41.2,89.45833333333333,1005.925,5.625,177.20833333333334,9.8,45.83333333333333,1,Rain,1
2012_03,14.7875,9.9,20.0,24.7875,17.9,32.0,80.91666666666667,1011.65,6.770833333333333,153.91666666666666,0.0,0.0,0,Dry,1
2012_04,23.837499999999995,21.6,25.5,33.83749999999999,29.6,37.5,62.333333333333336,1008.6291666666666,12.254166666666668,261.125,0.0,0.0,0,Dry,1
2012_05,18.34583333333333,16.1,21.9,28.34583333333333,24.1,33.9,81.0,1005.1166666666668,7.5,140.45833333333334,2.8,29.166666666666668,1,Light rain,1
2012_06,18.166666666666668,15.4,20.4,28.166666666666668,23.4,32.4,86.70833333333333,1015.1041666666666,4.666666666666667,198.5833333333333,3.3,33.33333333333333,1,Light rain,1
2012_07,19.8,12.6,25.8,29.8,20.6,37.8,63.25,1015.4500000000002,6.158333333333334,202.875,0.0,0.0,0,Dry,1
2012_08,25.67083333333333,20.9,30.1,35.670833333333334,28.9,42.1,57.0,1019.2375,8.775,106.125,0.0,0.0,0,Dry,1
2012_09,14.7375,12.3,18.9,24.7375,20.3,30.9,88.875,988.0958333333334,10.720833333333331,227.3333333333333,12.5,79.16666666666666,1,Rain,1
2012_10,15.429166666666664,10.0,19.6,25.429166666666667,18.0,31.6,64.29166666666667,1013.925,9.129166666666668,59.833333333333336,0.0,0.0,0,Dry,1
2012_11,24.508333333333336,20.3,32.3,34.50833333333334,28.3,44.3,68.95833333333333,982.7208333333332,8.666666666666666,220.66666666666663,7.1,16.666666666666664,1,Rain,1
2012_12,13.795833333333334,7.1,19.2,23.79583333333333,15.1,31.2,76.83333333333333,978.7708333333334,5.591666666666666,231.7083333333333,0.0,0.0,0,Dry,1
2012_13,21.34583333333333,14.7,26.9,31.34583333333333,22.7,38.9,68.29166666666667,995.9208333333332,4.1875,230.7083333333333,0.0,0.0,0,Dry,1
2012_14,26.604166666666668,25.3,28.2,36.60416666666667,33.3,40.2,86.25,1008.7583333333332,5.645833333333333,231.25,4.7,50.0,1,Rain,1
2012_15,19.625,15.8,24.2,29.625,23.8,36.2,72.41666666666667,1013.025,11.504166666666668,310.4583333333333,0.0,0.0,0,Dry,1
2012_16,17.754166666666666,13.9,22.6,27.754166666666663,21.9,34.6,63.208333333333336,1019.4708333333332,16.837500000000002,140.04166666666666,0.0,0.0,0,Dry,1
2012_17,21.245833333333334,14.7,28.0,31.245833333333334,22.7,40.0,64.29166666666667,991.2000000000002,6.675,326.75,0.0,0.0,0,Dry,1
2012_18,27.854166666666668,21.5,33.2,37.85416666666667,29.5,45.2,55.708333333333336,1012.225,12.0375,181.41666666666663,0.0,0.0,0,Dry,1
2012_19,13.7375,7.4,22.2,23.7375,15.4,34.2,54.29166666666666,1006.0625,9.533333333333331,154.20833333333334,0.0,0.0,0,Dry,1
2012_20,18.304166666666667,15.8,21.7,28.304166666666667,23.8,33.7,92.95833333333331,926.9500000000002,12.5,162.875,16.0,100.0,1,Rain,1
2013_01,14.820833333333333,12.9,16.0,24.820833333333333,20.9,28.0,64.70833333333333,1023.7791666666668,15.9125,189.875,0.2,4.166666666666666,1,Dry with recorded precipitation nearby,1
2013_02,26.15833333333333,23.5,29.5,36.15833333333333,31.5,41.5,87.08333333333333,1004.4041666666668,4.629166666666666,156.875,5.7,33.33333333333333,1,Rain,1
2013_03,16.445833333333336,11.1,25.7,26.445833333333336,19.1,37.7,69.45833333333333,1010.9583333333334,14.920833333333334,165.29166666666666,0.0,0.0,0,Dry,1
2013_04,25.5375,22.4,27.7,35.537499999999994,30.4,39.7,61.04166666666666,1003.6,25.94583333333333,300.75,0.0,0.0,0,Dry,1
2013_05,14.920833333333333,13.1,17.7,24.92083333333333,21.1,29.7,80.58333333333333,1006.4333333333334,9.195833333333333,134.25,2.0,37.5,1,Light rain,1
2013_06,13.929166666666667,8.9,17.1,23.929166666666667,16.9,29.1,64.5,1009.6291666666666,7.041666666666667,190.4583333333333,0.0,0.0,0,Dry,1
2013_07,17.416666666666668,14.0,23.2,27.416666666666668,22.0,35.2,76.125,1015.9333333333334,12.625,254.79166666666663,0.3,8.333333333333332,1,Light rain,1
2013_08,16.45,12.8,21.2,26.45,20.8,33.2,75.58333333333333,1002.7208333333332,18.64583333333333,251.25,0.0,0.0,0,Dry,1
2013_09,17.9875,11.9,22.7,27.9875,19.9,34.7,69.08333333333333,957.3583333333332,10.733333333333333,41.91666666666666,0.0,0.0,0,Dry,1
2013_10,28.27083333333333,20.5,34.6,38.27083333333333,28.5,46.6,47.16666666666666,986.5708333333332,9.845833333333331,175.54166666666666,0.0,0.0,0,Dry,1
2013_11,14.820833333333336,12.8,17.6,24.820833333333333,20.8,29.6,88.95833333333333,966.55,7.541666666666667,187.7083333333333,2.7,33.33333333333333,1,Light rain,1
2013_12,20.85,18.3,24.1,30.85,26.3,36.1,82.79166666666667,995.8958333333334,9.083333333333334,103.04166666666669,9.8,79.16666666666666,1,Rain,1
2013_13,28.054166666666664,27.0,29.4,38.05416666666666,35.0,41.4,78.375,1007.7833333333332,11.491666666666664,156.25,1.7,20.833333333333336,1,Light rain,1
2013_14,23.09583333333333,21.3,25.9,33.09583333333333,29.3,37.9,78.5,1019.1833333333334,17.6125,86.625,0.4,4.166666666666666,1,Light rain,1
2013_15,18.820833333333333,14.4,24.0,28.820833333333333,22.4,36.0,60.29166666666666,1016.2999999999998,11.379166666666668,311.5,0.0,0.0,0,Dry,1
2013_16,23.42083333333333,17.7,29.4,33.420833333333334,25.7,41.4,62.458333333333336,987.5708333333332,6.4875,289.8333333333333,0.0,0.0,0,Dry,1
2013_17,28.820833333333336,21.7,35.6,38.82083333333334,29.7,47.6,56.833333333333336,1012.4541666666664,12.970833333333331,158.08333333333334,0.0,0.0,0,Dry,1
2013_18,24.120833333333334,21.9,29.0,34.12083333333334,29.9,41.0,83.08333333333333,991.5958333333332,14.241666666666664,200.0,0.0,0.0,0,Dry,1
2013_19,18.26666666666667,16.5,21.0,28.26666666666667,24.5,33.0,93.54166666666669,928.025,14.275,122.45833333333331,9.5,62.5,1,Rain,1
2014_01,17.329166666666666,15.8,20.0,27.329166666666666,23.8,32.0,53.583333333333336,1008.6333333333332,17.02916666666667,317.25,0.5,4.166666666666666,1,Light rain,1
2014_02,27.00416666666668,24.4,30.6,37.00416666666668,32.4,42.6,82.70833333333333,1003.3125,6.4750000000000005,132.04166666666666,1.2,12.5,1,Light rain,1
2014_03,22.2125,19.9,24.0,32.212500000000006,27.9,36.0,56.458333333333336,1017.4958333333334,19.808333333333334,252.7083333333333,0.0,0.0,0,Dry,1
2014_04,14.1875,11.4,17.7,24.1875,19.4,29.7,83.45833333333333,1016.4916666666668,9.758333333333333,54.25,2.3,25.0,1,Light rain,1
2014_05,17.770833333333332,15.0,21.3,27.77083333333333,23.0,33.3,77.0,1002.475,8.012500000000001,141.625,0.0,0.0,0,Dry,1
2014_06,17.604166666666668,14.2,19.4,27.604166666666668,22.2,31.4,75.83333333333333,1014.8666666666668,5.020833333333333,164.75,0.3,4.166666666666666,1,Light rain,1
2014_07,21.25,14.9,27.4,31.25,22.9,39.4,63.54166666666666,1011.1375000000002,9.479166666666666,229.04166666666663,0.0,0.0,0,Dry,1
2014_08,17.679166666666667,9.5,23.3,27.679166666666667,17.5,35.3,67.54166666666667,939.75,3.775,236.0,0.2,8.333333333333332,1,Dry with recorded precipitation nearby,1
2014_09,15.275,12.3,18.5,25.275,20.3,30.5,64.16666666666667,986.9583333333334,12.741666666666667,258.7083333333333,0.0,0.0,0,Dry,1
2014_10,23.09583333333333,19.8,27.5,33.09583333333333,27.8,39.5,68.45833333333333,997.8041666666668,6.3375,210.5833333333333,2.1,20.833333333333336,1,Light rain,1
2014_11,22.375,18.5,27.0,32.375,26.5,39.0,76.625,984.4708333333332,10.004166666666668,90.66666666666669,6.7,41.66666666666667,1,Rain,1
2014_12,11.070833333333336,7.4,14.8,21.070833333333333,15.4,26.8,76.58333333333333,972.2125,11.5375,241.125,0.3,12.5,1,Light rain,1
2014_13,20.254166666666663,16.3,24.5,30.254166666666663,24.3,36.5,81.29166666666667,991.8333333333334,5.1125,92.54166666666669,0.0,0.0,0,Dry,1
2014_14,27.087499999999995,25.3,28.8,37.08749999999999,33.3,40.8,78.375,1011.0583333333334,6.804166666666667,240.625,0.7,8.333333333333332,1,Light rain,1
2014_15,20.03333333333333,18.9,21.6,30.03333333333333,26.9,33.6,90.08333333333331,1000.6916666666666,15.3375,113.58333333333331,71.6,100.0,1,Rain,1
2014_16,20.17083333333333,16.0,23.2,30.17083333333333,24.0,35.2,70.25,1016.4791666666666,3.904166666666667,154.375,0.0,0.0,0,Dry,1
2014_17,15.483333333333334,9.9,23.3,25.48333333333333,17.9,35.3,50.54166666666666,1006.5125000000002,13.141666666666666,143.875,0.0,0.0,0,Dry,1
2014_18,19.42083333333333,17.4,22.8,29.42083333333333,25.4,34.8,87.95833333333333,926.9833333333332,11.2375,146.75,1.4,33.33333333333333,1,Light rain,1
2014_19,23.475,16.7,30.5,33.474999999999994,24.7,42.5,75.5,1012.5833333333334,7.916666666666667,208.25,0.0,0.0,0,Dry,1
2015_01,14.574999999999998,9.0,18.7,24.575,17.0,30.7,71.70833333333333,1016.4375,11.675000000000002,152.25,0.0,0.0,0,Dry,1
2015_02,26.870833333333334,23.8,30.5,36.87083333333334,31.8,42.5,79.75,1005.2791666666668,5.1625000000000005,119.29166666666669,2.6,16.666666666666664,1,Light rain,1
2015_03,13.733333333333334,8.4,19.4,23.73333333333333,16.4,31.4,73.625,1019.2708333333334,12.779166666666669,212.9583333333333,0.0,0.0,0,Dry,1
2015_04,24.55,22.9,26.3,34.55,30.9,38.3,51.91666666666666,1011.25,25.7875,328.9166666666667,0.0,0.0,0,Dry,1
2015_05,20.0375,14.9,25.9,30.0375,22.9,37.9,70.0,1009.7125,8.145833333333334,211.91666666666663,0.0,0.0,0,Dry,1
2015_06,17.412499999999998,15.9,19.4,27.4125,23.9,31.4,79.0,1012.5666666666668,4.6875,205.2083333333333,0.2,4.166666666666666,1,Dry with recorded precipitation nearby,1
2015_07,15.808333333333332,9.5,20.6,25.80833333333333,17.5,32.6,60.41666666666666,1018.0375,8.833333333333334,183.25,0.0,0.0,0,Dry,1
2015_08,12.0875,7.9,16.5,22.0875,15.9,28.5,74.54166666666667,939.3583333333332,6.566666666666667,314.8333333333333,2.7,37.5,1,Light rain,1
2015_09,16.495833333333334,13.3,20.3,26.495833333333334,21.3,32.3,65.20833333333333,999.0708333333332,11.695833333333333,232.5,0.5,12.5,1,Light rain,1
2015_10,22.183333333333334,17.6,25.7,32.18333333333334,25.6,37.7,44.41666666666666,984.0708333333332,16.629166666666666,301.5833333333333,0.0,0.0,0,Dry,1
2015_11,18.370833333333334,15.4,24.8,28.370833333333334,23.4,36.8,68.29166666666667,962.0499999999998,17.316666666666666,156.29166666666666,10.3,33.33333333333333,1,Rain,1
2015_12,17.254166666666666,11.4,22.4,27.254166666666663,19.4,34.4,58.458333333333336,995.2791666666666,5.591666666666666,126.875,0.0,0.0,0,Dry,1
2015_13,27.462499999999995,25.5,29.0,37.46249999999999,33.5,41.0,83.75,1009.1458333333334,5.895833333333333,178.95833333333334,3.3,20.833333333333336,1,Light rain,1
2015_14,21.175,17.4,26.2,31.175,25.4,38.2,82.20833333333333,1009.6166666666668,7.741666666666667,297.5416666666667,0.0,0.0,0,Dry,1
2015_15,14.966666666666669,9.8,18.2,24.96666666666667,17.8,30.2,60.083333333333336,1018.5875,7.620833333333334,123.20833333333331,1.9,16.666666666666664,1,Light rain,1
2015_16,16.870833333333334,15.1,18.9,26.870833333333334,23.1,30.9,89.875,997.3958333333334,25.94583333333333,277.4166666666667,18.9,70.83333333333334,1,Rain,1
2015_17,15.404166666666669,12.5,20.3,25.40416666666667,20.5,32.3,84.75,784.5291666666666,4.016666666666667,209.2083333333333,3.7,37.5,1,Light rain,1
2015_18,21.8,18.5,25.1,31.8,26.5,37.1,92.375,926.2833333333332,7.137499999999999,174.04166666666666,1.2,29.166666666666668,1,Light rain,1
2015_19,24.133333333333336,19.8,28.7,34.13333333333334,27.8,40.7,64.79166666666667,1015.4125,12.295833333333334,308.7083333333333,0.0,0.0,0,Dry,1
2016_01,15.9125,11.1,21.2,25.9125,19.1,33.2,68.95833333333333,1019.7708333333334,9.925,155.08333333333334,0.0,0.0,0,Dry,1
2016_02,20.291666666666668,16.3,22.3,30.291666666666668,24.3,34.3,55.91666666666666,1016.1916666666666,11.291666666666666,165.83333333333334,0.0,0.0,0,Dry,1
2016_03,15.508333333333333,10.7,20.9,25.508333333333333,18.7,32.9,66.04166666666667,1016.5416666666666,9.208333333333334,118.0,4.4,25.0,1,Rain,1
2016_04,13.2,10.6,14.9,23.200000000000003,18.6,26.9,86.29166666666667,1018.6708333333332,5.3875,190.125,0.0,0.0,0,Dry,1
2016_05,15.895833333333334,12.0,19.5,25.895833333333336,20.0,31.5,85.91666666666667,1003.15,8.683333333333334,207.25,0.0,0.0,0,Dry,1
2016_06,18.21666666666667,16.1,20.7,28.21666666666667,24.1,32.7,84.58333333333333,1006.2875,9.120833333333332,189.375,11.2,54.16666666666666,1,Rain,1
2016_07,12.554166666666667,10.6,14.9,22.554166666666667,18.6,26.9,74.5,1001.4916666666668,18.904166666666665,260.8333333333333,1.3,20.833333333333336,1,Light rain,1
2016_08,26.429166666666664,24.1,27.9,36.42916666666666,32.1,39.9,68.58333333333333,1016.6125,25.054166666666664,60.375,0.0,0.0,0,Dry,1
2016_09,13.675,11.4,15.9,23.675,19.4,27.9,82.58333333333333,941.9833333333332,6.266666666666667,338.6666666666667,1.1,33.33333333333333,1,Light rain,1
2016_10,17.4375,14.7,20.6,27.4375,22.7,32.6,81.29166666666667,989.1166666666668,22.8875,215.0833333333333,1.3,25.0,1,Light rain,1
2016_11,23.34583333333333,19.1,27.8,33.34583333333333,27.1,39.8,76.20833333333333,988.8458333333332,7.404166666666668,77.29166666666667,0.1,4.166666666666666,1,Dry with recorded precipitation nearby,1
2016_12,20.450000000000003,16.7,22.9,30.450000000000003,24.7,34.9,72.54166666666667,1001.7333333333332,8.770833333333334,286.2916666666667,0.6,4.166666666666666,1,Light rain,1
2016_13,21.370833333333334,16.1,24.8,31.370833333333334,24.1,36.8,71.16666666666667,970.1041666666666,14.245833333333332,232.91666666666663,0.2,4.166666666666666,1,Dry with recorded precipitation nearby,1
2016_14,23.429166666666664,18.6,27.5,33.42916666666666,26.6,39.5,76.70833333333333,993.8166666666666,3.9333333333333336,198.41666666666663,0.0,0.0,0,Dry,1
2016_15,27.33333333333333,25.4,29.1,37.33333333333333,33.4,41.1,84.33333333333333,1008.2291666666666,9.2625,246.0833333333333,9.3,50.0,1,Rain,1
2016_16,28.23333333333333,25.1,31.3,38.23333333333333,33.1,43.3,71.625,1004.7000000000002,12.020833333333334,306.625,0.0,0.0,0,Dry,1
2016_17,17.395833333333332,14.1,20.7,27.39583333333333,22.1,32.7,70.04166666666667,1009.4541666666668,19.745833333333334,314.25,1.3,8.333333333333332,1,Light rain,1
2016_18,20.054166666666664,14.3,27.6,30.054166666666664,22.3,39.6,57.625,1002.4583333333334,11.095833333333331,173.83333333333334,0.0,0.0,0,Dry,1
2016_19,13.5,10.2,19.6,23.5,18.2,31.6,77.875,787.2333333333332,7.554166666666667,236.04166666666663,0.4,4.166666666666666,1,Light rain,1
2016_20,16.741666666666664,15.7,18.2,26.741666666666664,23.7,30.2,94.25,927.1666666666666,12.516666666666666,137.58333333333334,15.1,100.0,1,Rain,1
2016_21,24.325,18.3,30.4,34.325,26.3,42.4,53.333333333333336,1015.7708333333334,14.170833333333334,34.083333333333336,0.0,0.0,0,Dry,1
2017_01,22.35833333333333,18.4,27.0,32.358333333333334,26.4,39.0,70.375,1009.7166666666668,15.079166666666666,119.66666666666669,0.0,0.0,0,Dry,1
2017_02,11.329166666666666,9.6,13.0,21.329166666666666,17.6,25.0,78.79166666666667,1011.5541666666668,16.979166666666668,42.083333333333336,14.6,58.333333333333336,1,Rain,1
2017_03,25.975,23.7,29.3,35.974999999999994,31.7,41.3,62.208333333333336,1008.6083333333332,31.820833333333336,337.2916666666667,0.0,0.0,0,Dry,1
2017_04,18.054166666666664,11.5,24.2,28.054166666666664,19.5,36.2,66.58333333333333,1013.5916666666666,6.379166666666666,152.33333333333334,0.0,0.0,0,Dry,1
2017_05,18.975,14.9,23.5,28.975,22.9,35.5,60.583333333333336,1008.7208333333334,5.866666666666667,159.04166666666666,0.1,4.166666666666666,1,Dry with recorded precipitation nearby,1
2017_06,23.975,19.4,27.0,33.974999999999994,27.4,39.0,46.29166666666666,1018.4208333333332,5.233333333333333,163.5,0.0,0.0,0,Dry,1
2017_07,23.258333333333336,18.1,28.0,33.25833333333334,26.1,40.0,64.29166666666667,1007.4,23.725000000000005,216.91666666666663,0.3,4.166666666666666,1,Light rain,1
2017_08,23.8,20.4,28.0,33.8,28.4,40.0,78.45833333333333,1013.4708333333334,18.125,262.2083333333333,0.0,0.0,0,Dry,1
2017_09,21.83333333333333,15.6,27.8,31.83333333333333,23.6,39.8,68.95833333333333,939.1833333333334,4.35,163.83333333333334,0.4,8.333333333333332,1,Light rain,1
2017_10,18.883333333333336,14.7,22.5,28.883333333333336,22.7,34.5,78.16666666666667,1004.3041666666668,16.3125,287.9166666666667,1.6,29.166666666666668,1,Light rain,1
2017_11,23.97083333333333,15.8,29.7,33.97083333333333,23.8,41.7,58.875,988.8041666666668,7.9875,141.29166666666666,0.0,0.0,0,Dry,1
2017_12,18.10833333333333,13.5,22.6,28.10833333333333,21.5,34.6,80.16666666666667,972.85,6.0375000000000005,143.20833333333334,0.3,8.333333333333332,1,Light rain,1
2017_13,17.558333333333334,12.6,23.2,27.558333333333334,20.6,35.2,64.625,990.2666666666668,5.858333333333334,92.375,0.0,0.0,0,Dry,1
2017_14,27.09166666666667,25.4,29.4,37.09166666666667,33.4,41.4,84.70833333333333,1010.7625,13.199999999999998,140.75,20.1,95.83333333333334,1,Rain,1
2017_15,26.070833333333336,23.0,30.2,36.07083333333334,31.0,42.2,89.04166666666667,1005.2666666666668,5.254166666666666,192.2083333333333,29.5,62.5,1,Rain,1
2017_16,21.70833333333333,19.6,24.4,31.70833333333333,27.6,36.4,86.16666666666667,1018.7125,4.820833333333334,162.125,6.0,33.33333333333333,1,Rain,1
2017_17,22.48333333333333,18.9,25.7,32.483333333333334,26.9,37.7,74.54166666666667,997.9125,21.3625,204.66666666666663,39.1,20.833333333333336,1,Rain,1
2017_18,15.879166666666665,9.9,22.9,25.879166666666663,17.9,34.9,63.5,785.1124999999998,6.916666666666667,264.7083333333333,0.2,8.333333333333332,1,Dry with recorded precipitation nearby,1
2017_19,18.716666666666665,12.0,26.6,28.716666666666665,20.0,38.6,71.29166666666667,921.2791666666668,8.470833333333333,241.375,0.0,0.0,0,Dry,1
2017_20,23.375,19.9,25.6,33.375,27.9,37.6,56.41666666666666,1018.4833333333336,16.416666666666668,303.4583333333333,0.0,0.0,0,Dry,1
2018_01,15.7125,9.7,23.4,25.7125,17.7,35.4,59.083333333333336,1002.9458333333336,25.09166666666667,290.4583333333333,5.5,29.166666666666668,1,Rain,1
2018_02,26.40833333333333,22.0,32.0,36.40833333333333,30.0,44.0,54.125,1009.7541666666666,12.175,126.29166666666669,0.0,0.0,0,Dry,1
2018_03,12.416666666666666,6.8,18.3,22.416666666666664,14.8,30.3,65.79166666666667,1019.6625,9.504166666666666,195.5833333333333,0.0,0.0,0,Dry,1
2018_04,14.1125,10.7,16.9,24.1125,18.7,28.9,65.54166666666667,1022.0166666666668,35.90833333333333,295.25,0.5,16.666666666666664,1,Light rain,1
2018_05,12.4125,7.9,16.0,22.4125,15.9,28.0,74.41666666666667,1000.8541666666666,9.516666666666667,206.4583333333333,13.3,45.83333333333333,1,Rain,1
2018_06,24.0875,20.6,28.0,34.087500000000006,28.6,40.0,63.375,1014.3458333333332,10.983333333333334,72.33333333333333,0.4,8.333333333333332,1,Light rain,1
2018_07,15.4375,9.6,19.8,25.4375,17.6,31.8,49.04166666666666,1018.1208333333332,8.816666666666666,155.08333333333334,0.0,0.0,0,Dry,1
2018_08,19.6625,16.1,23.5,29.6625,24.1,35.5,67.41666666666667,967.4333333333334,6.829166666666666,156.20833333333334,0.0,0.0,0,Dry,1
2018_09,14.720833333333331,11.1,19.5,24.72083333333333,19.1,31.5,70.58333333333333,938.725,5.316666666666667,113.20833333333331,0.0,0.0,0,Dry,1
2018_10,22.370833333333334,15.8,29.0,32.37083333333334,23.8,41.0,56.79166666666666,1007.8458333333334,11.125,234.54166666666663,0.0,0.0,0,Dry,1
2018_11,21.700000000000003,18.0,26.8,31.700000000000003,26.0,38.8,77.79166666666667,1001.4708333333332,6.408333333333334,223.29166666666663,2.0,29.166666666666668,1,Light rain,1
2018_12,27.6625,21.0,33.4,37.6625,29.0,45.4,55.66666666666666,984.2,8.433333333333334,245.0833333333333,0.0,0.0,0,Dry,1
2018_13,12.0625,5.8,17.0,22.0625,13.8,29.0,69.5,969.8375,14.066666666666668,200.04166666666663,4.6,25.0,1,Rain,1
2018_14,17.5,14.6,20.0,27.5,22.6,32.0,88.08333333333333,994.9958333333334,3.454166666666666,229.9583333333333,2.1,29.166666666666668,1,Light rain,1
2018_15,27.57916666666667,26.1,29.3,37.579166666666666,34.1,41.3,75.25,1007.5208333333334,16.95,159.33333333333334,1.2,25.0,1,Light rain,1
2018_16,19.25,15.2,23.9,29.25,23.2,35.9,66.20833333333333,1016.95,7.599999999999999,119.08333333333331,0.0,0.0,0,Dry,1
2018_17,22.02083333333333,18.4,26.5,32.02083333333333,26.4,38.5,73.04166666666667,1008.5458333333332,12.65,296.5416666666667,0.0,0.0,0,Dry,1
2018_18,17.366666666666667,13.4,21.1,27.366666666666667,21.4,33.1,62.91666666666666,1005.8375,17.8,27.83333333333333,0.0,0.0,0,Dry,1
2018_19,15.1875,12.2,20.2,25.1875,20.2,32.2,77.08333333333333,788.2333333333332,8.233333333333333,211.4583333333333,1.8,37.5,1,Light rain,1
2018_20,20.266666666666666,17.0,25.1,30.266666666666666,25.0,37.1,89.58333333333333,925.8583333333332,8.933333333333334,166.625,1.6,37.5,1,Light rain,1
2018_21,26.912500000000005,23.5,32.8,36.91250000000001,31.5,44.8,60.958333333333336,1014.1833333333334,22.775,136.95833333333334,0.6,8.333333333333332,1,Light rain,1
2019_01,19.6875,14.9,25.0,29.6875,22.9,37.0,80.20833333333333,1016.4458333333332,10.183333333333334,173.83333333333334,0.0,0.0,0,Dry,1
2019_02,25.59583333333333,20.9,29.8,35.59583333333333,28.9,41.8,56.79166666666666,1006.7625000000002,29.77916666666667,92.91666666666669,0.0,0.0,0,Dry,1
2019_03,12.870833333333332,6.9,19.0,22.87083333333333,14.9,31.0,80.91666666666667,1020.1458333333334,10.816666666666665,81.29166666666667,0.0,0.0,0,Dry,1
2019_04,14.475,10.6,17.5,24.475,18.6,29.5,82.375,1014.7208333333332,17.849999999999998,203.875,0.0,0.0,0,Dry,1
2019_05,15.479166666666666,11.4,20.6,25.479166666666664,19.4,32.6,69.95833333333333,1007.975,8.054166666666667,236.54166666666663,0.0,0.0,0,Dry,1
2019_06,18.575,14.1,21.5,28.575,22.1,33.5,76.79166666666667,1009.675,4.4125,240.5,1.1,16.666666666666664,1,Light rain,1
2019_07,19.39583333333333,12.3,26.8,29.39583333333333,20.3,38.8,54.0,1022.9541666666664,9.441666666666668,157.91666666666666,0.0,0.0,0,Dry,1
2019_08,22.23333333333333,16.9,27.9,32.233333333333334,24.9,39.9,53.54166666666666,966.75,7.879166666666666,194.0833333333333,0.0,0.0,0,Dry,1
2019_09,23.57916666666667,12.9,33.8,33.579166666666666,20.9,45.8,58.208333333333336,943.5875,5.025,200.7083333333333,0.0,0.0,0,Dry,1
2019_10,16.27916666666667,12.6,20.0,26.27916666666667,20.6,32.0,77.08333333333333,1005.2666666666668,11.208333333333334,71.08333333333333,1.1,25.0,1,Light rain,1
2019_11,21.2,19.5,25.0,31.2,27.5,37.0,82.16666666666667,990.7041666666664,9.116666666666664,256.75,11.5,83.33333333333334,1,Rain,1
2019_12,19.391666666666666,15.4,23.2,29.391666666666666,23.4,35.2,65.41666666666667,986.1083333333332,8.379166666666668,269.2916666666667,0.1,4.166666666666666,1,Dry with recorded precipitation nearby,1
2019_13,14.795833333333333,11.9,17.5,24.79583333333333,19.9,29.5,75.125,970.4875,12.558333333333332,302.0,0.2,8.333333333333332,1,Dry with recorded precipitation nearby,1
2019_14,15.716666666666669,13.1,19.8,25.71666666666667,21.1,31.8,79.45833333333333,990.2583333333332,8.237499999999999,130.08333333333334,68.0,62.5,1,Rain,1
2019_15,29.1625,27.0,32.8,39.1625,35.0,44.8,70.66666666666667,1009.8458333333332,15.8,118.75,0.0,0.0,0,Dry,1
2019_16,17.141666666666666,14.2,20.3,27.141666666666666,22.2,32.3,79.58333333333333,1017.0708333333332,5.662499999999999,112.25,1.4,29.166666666666668,1,Light rain,1
2019_17,18.89583333333333,16.6,22.1,28.89583333333333,24.6,34.1,75.5,1012.0833333333334,16.958333333333332,297.3333333333333,5.3,29.166666666666668,1,Rain,1
2019_18,16.266666666666666,13.2,20.9,26.266666666666666,21.2,32.9,82.54166666666667,784.8583333333332,4.3500000000000005,187.125,8.0,54.16666666666666,1,Rain,1
2019_19,12.270833333333334,5.5,19.8,22.270833333333336,13.5,31.8,56.375,1005.5666666666666,10.829166666666667,150.16666666666666,0.0,0.0,0,Dry,1
2019_20,16.804166666666667,14.0,20.7,26.804166666666667,22.0,32.7,79.875,925.8041666666668,16.65416666666667,128.0,0.0,0.0,0,Dry,1
2019_21,23.5375,18.8,27.8,33.537499999999994,26.8,39.8,73.25,1015.9166666666666,10.4375,224.7083333333333,0.0,0.0,0,Dry,1
2020_01,19.616666666666664,11.3,26.6,29.616666666666664,19.3,38.6,68.66666666666667,940.575,3.6625,170.33333333333334,0.0,0.0,0,Dry,1
2020_02,14.495833333333332,8.9,19.6,24.49583333333333,16.9,31.6,67.625,945.9791666666666,5.7625,97.95833333333331,0.0,0.0,0,Dry,1
2020_03,17.545833333333334,14.9,21.5,27.54583333333333,22.9,33.5,87.83333333333333,986.6083333333332,8.6875,77.75,6.6,45.83333333333333,1,Rain,1
2020_04,16.775000000000002,11.2,21.0,26.775,19.2,33.0,60.875,997.9375,13.775,275.4583333333333,0.1,4.166666666666666,1,Dry with recorded precipitation nearby,1
2020_05,20.7375,15.1,27.7,30.7375,23.1,39.7,74.875,1000.9416666666666,16.304166666666664,44.083333333333336,0.0,0.0,0,Dry,1
2020_06,23.941666666666663,20.0,27.6,33.94166666666666,28.0,39.6,77.625,997.6125,8.566666666666668,169.33333333333334,2.6,37.5,1,Light rain,1
2020_07,13.2375,8.2,17.0,23.2375,16.2,29.0,87.95833333333333,964.8291666666664,10.591666666666669,275.375,9.4,45.83333333333333,1,Rain,1
2020_08,21.00833333333333,16.8,26.0,31.00833333333333,24.8,38.0,74.70833333333333,992.0791666666668,6.895833333333333,203.0833333333333,13.6,25.0,1,Rain,1
2020_09,23.945833333333336,18.7,30.1,33.94583333333334,26.7,42.1,55.91666666666666,993.0875,11.583333333333334,22.33333333333333,0.0,0.0,0,Dry,1
2020_10,23.879166666666663,18.0,29.4,33.87916666666666,26.0,41.4,58.208333333333336,1013.5125,5.670833333333334,114.0,0.0,0.0,0,Dry,1
2020_11,5.933333333333334,3.7,8.7,15.933333333333334,11.7,20.7,82.08333333333333,946.9083333333332,12.041666666666666,295.2083333333333,0.2,4.166666666666666,1,Dry with recorded precipitation nearby,1
2020_12,16.104166666666668,12.7,20.1,26.104166666666668,20.7,32.1,84.75,1007.4583333333334,15.504166666666668,271.4166666666667,3.5,20.833333333333336,1,Light rain,1
2020_13,14.125,10.0,18.5,24.125,18.0,30.5,82.375,1017.5625,6.783333333333334,259.3333333333333,0.0,0.0,0,Dry,1
2020_14,9.9875,7.1,13.0,19.9875,15.1,25.0,90.75,1007.7458333333332,7.329166666666666,19.33333333333333,0.5,20.833333333333336,1,Light rain,1
2020_15,24.024999999999995,20.7,27.9,34.02499999999999,28.7,39.9,67.79166666666667,1015.6875,16.029166666666665,142.25,0.1,4.166666666666666,1,Dry with recorded precipitation nearby,1
2020_16,22.1375,17.0,26.4,32.1375,25.0,38.4,70.625,1012.5833333333334,23.84166666666667,256.7916666666667,0.0,0.0,0,Dry,1
2020_17,21.59166666666667,18.1,23.9,31.59166666666667,26.1,35.9,57.583333333333336,1016.7416666666668,12.525,304.625,0.0,0.0,0,Dry,1
2021_01,21.183333333333334,19.8,23.1,31.183333333333334,27.8,35.1,52.375,1015.2583333333332,37.625,334.7916666666667,0.0,0.0,0,Dry,1
2021_02,8.741666666666667,5.0,13.0,18.741666666666667,13.0,25.0,68.04166666666667,1011.5083333333332,7.349999999999999,151.66666666666666,0.7,20.833333333333336,1,Light rain,1
2021_03,13.504166666666668,8.5,19.3,23.50416666666667,16.5,31.3,62.16666666666666,1004.1708333333332,16.129166666666666,290.0,0.0,0.0,0,Dry,1
2021_04,17.433333333333334,12.4,21.8,27.433333333333334,20.4,33.8,71.79166666666667,995.6375000000002,9.295833333333334,160.20833333333334,2.5,16.666666666666664,1,Light rain,1
2021_05,18.383333333333336,14.5,23.1,28.383333333333336,22.5,35.1,67.83333333333333,1012.8333333333334,9.120833333333334,167.41666666666666,0.0,0.0,0,Dry,1
2021_06,20.6125,18.1,24.2,30.6125,26.1,36.2,72.20833333333333,1015.025,22.566666666666663,192.0833333333333,0.0,0.0,0,Dry,1
2021_07,22.78333333333333,18.1,29.0,32.78333333333333,26.1,41.0,68.625,962.8083333333334,15.75,126.91666666666669,1.9,41.66666666666667,1,Light rain,1
2021_08,19.629166666666663,13.0,26.9,29.629166666666663,21.0,38.9,74.91666666666667,940.4916666666668,3.3624999999999994,202.4583333333333,4.9,29.166666666666668,1,Rain,1
2021_09,17.795833333333334,14.8,23.5,27.79583333333333,22.8,35.5,75.875,935.7666666666664,3.5500000000000003,131.95833333333334,3.6,41.66666666666667,1,Light rain,1
2021_10,22.575,15.4,28.2,32.575,23.4,40.2,69.54166666666667,1007.0916666666666,5.704166666666666,293.5416666666667,0.0,0.0,0,Dry,1
2021_11,24.42083333333333,18.0,32.3,34.420833333333334,26.0,44.3,64.75,979.4625,13.954166666666666,173.83333333333334,0.6,4.166666666666666,1,Light rain,1
2021_12,12.870833333333332,11.9,14.3,22.87083333333333,19.9,26.3,95.70833333333331,973.2208333333332,19.5875,319.8333333333333,7.1,87.5,1,Rain,1
2021_13,16.6875,12.2,21.5,26.6875,20.2,33.5,76.5,1021.1458333333334,11.525,72.125,0.0,0.0,0,Dry,1
2021_14,23.27916666666667,17.9,28.7,33.27916666666667,25.9,40.7,53.91666666666666,994.8916666666668,5.654166666666666,86.83333333333333,0.0,0.0,0,Dry,1
2021_15,15.375,12.5,17.7,25.375,20.5,29.7,76.45833333333333,1022.7666666666668,8.125,127.29166666666669,1.9,70.83333333333334,1,Light rain,1
2021_16,16.037499999999998,15.1,18.3,26.0375,23.1,30.3,87.375,1005.1291666666666,20.041666666666668,43.0,0.4,16.666666666666664,1,Light rain,1
2021_17,24.02916666666667,21.0,29.9,34.02916666666667,29.0,41.9,81.95833333333333,992.5916666666666,14.825000000000005,174.16666666666666,0.7,20.833333333333336,1,Light rain,1
2021_18,14.529166666666669,7.6,23.1,24.52916666666667,15.6,35.1,62.04166666666666,788.3624999999998,8.704166666666666,296.2916666666667,0.0,0.0,0,Dry,1
2021_19,16.2375,12.1,23.4,26.2375,20.1,35.4,81.5,928.975,15.783333333333331,101.83333333333331,0.0,0.0,0,Dry,1
2021_20,25.65833333333333,23.1,29.0,35.65833333333333,31.1,41.0,73.29166666666667,1012.3333333333334,17.474999999999998,126.75,0.0,0.0,0,Dry,1
2021_21,26.766666666666666,22.5,30.7,36.766666666666666,30.5,42.7,75.375,1013.5750000000002,11.258333333333333,161.5,0.0,0.0,0,Dry,1
2021_22,23.287500000000005,20.2,25.9,33.28750000000001,28.2,37.9,63.79166666666666,1017.7458333333334,13.8875,317.25,0.0,0.0,0,Dry,1
2022_01,20.508333333333333,14.6,28.5,30.508333333333333,22.6,40.5,45.875,1011.4708333333334,16.5125,323.5,0.0,0.0,0,Dry,1
2022_02,25.454166666666666,19.8,31.4,35.454166666666666,27.8,43.4,53.66666666666666,1012.5750000000002,18.566666666666663,283.5,0.0,0.0,0,Dry,1
2022_03,20.6625,15.6,26.5,30.6625,23.6,38.5,65.91666666666667,1017.3875000000002,17.516666666666666,249.2083333333333,1.5,29.166666666666668,1,Light rain,1
2022_04,12.495833333333332,8.7,15.5,22.49583333333333,16.7,27.5,75.375,1001.15,12.1875,200.0833333333333,2.4,33.33333333333333,1,Light rain,1
2022_05,25.916666666666668,21.5,33.1,35.91666666666667,29.5,45.1,74.41666666666667,1010.3875000000002,10.2375,242.5833333333333,4.9,20.833333333333336,1,Rain,1
2022_06,25.404166666666665,18.3,34.8,35.40416666666667,26.3,46.8,34.583333333333336,997.8541666666666,9.5375,215.3333333333333,0.0,0.0,0,Dry,1
2022_07,21.883333333333336,19.0,25.1,31.883333333333336,27.0,37.1,70.33333333333333,1002.1041666666666,8.366666666666667,248.25,3.5,41.66666666666667,1,Light rain,1
2022_08,23.8375,18.5,26.7,33.837500000000006,26.5,38.7,61.29166666666666,1009.8958333333334,14.529166666666669,167.875,0.0,0.0,0,Dry,1
2022_09,15.354166666666666,11.2,20.9,25.354166666666664,19.2,32.9,47.75,1012.0541666666668,21.825000000000003,332.625,0.0,0.0,0,Dry,1
2022_10,14.158333333333331,8.9,19.0,24.15833333333333,16.9,31.0,76.66666666666667,1000.9708333333334,9.8625,274.625,0.9,20.833333333333336,1,Light rain,1
2022_11,15.525,12.2,20.4,25.525,20.2,32.4,71.45833333333333,941.3666666666668,7.066666666666667,253.75,2.9,37.5,1,Light rain,1
2022_12,26.9625,20.5,33.2,36.962500000000006,28.5,45.2,50.458333333333336,968.6791666666668,7.708333333333333,230.5,0.0,0.0,0,Dry,1
2022_13,18.025,14.9,21.0,28.025,22.9,33.0,79.83333333333333,984.9083333333334,18.175,300.875,7.9,58.333333333333336,1,Rain,1
2022_14,16.545833333333334,13.4,20.8,26.54583333333333,21.4,32.8,65.875,973.8791666666666,12.133333333333336,37.708333333333336,0.2,8.333333333333332,1,Dry with recorded precipitation nearby,1
2022_15,19.633333333333336,15.6,23.9,29.633333333333336,23.6,35.9,79.16666666666667,1016.3083333333334,8.8125,151.75,1.8,16.666666666666664,1,Light rain,1
2022_16,20.1,15.1,25.8,30.1,23.1,37.8,71.33333333333333,993.7916666666666,5.787499999999999,146.5,0.0,0.0,0,Dry,1
2022_17,26.3125,24.7,28.5,36.3125,32.7,40.5,86.04166666666667,1008.1041666666666,4.783333333333333,196.54166666666663,6.4,54.16666666666666,1,Rain,1
2022_18,18.0,16.1,19.9,28.0,24.1,31.9,89.79166666666667,1012.4791666666666,10.808333333333332,123.125,30.1,79.16666666666666,1,Rain,1
2022_19,24.65416666666667,20.4,30.2,34.65416666666667,28.4,42.2,61.75,992.9916666666668,26.90833333333333,177.375,0.0,0.0,0,Dry,1
2022_20,16.9375,10.6,24.0,26.9375,18.6,36.0,67.125,786.4625,6.6375,239.125,1.1,12.5,1,Light rain,1
2022_21,19.6375,15.1,28.0,29.6375,23.1,40.0,87.75,925.9291666666668,10.508333333333333,113.625,0.0,0.0,0,Dry,1
2022_22,27.504166666666663,25.1,30.4,37.50416666666666,33.1,42.4,62.54166666666666,1014.1583333333334,20.941666666666663,316.9583333333333,0.0,0.0,0,Dry,1
2023_01,24.6875,17.4,32.2,34.6875,25.4,44.2,37.91666666666666,1017.875,8.4375,206.0833333333333,0.0,0.0,0,Dry,1
2023_02,24.89166666666667,18.9,30.6,34.891666666666666,26.9,42.6,48.25,1011.375,16.26666666666667,189.79166666666663,0.0,0.0,0,Dry,1
2023_03,12.6125,6.7,17.8,22.6125,14.7,29.8,79.58333333333333,1019.9666666666668,8.191666666666666,123.5,0.0,0.0,0,Dry,1
2023_04,19.8375,15.8,26.3,29.8375,23.8,38.3,68.79166666666667,1008.4958333333334,16.0,195.875,1.5,16.666666666666664,1,Light rain,1
2023_05,24.075,21.3,26.9,34.075,29.3,38.9,75.29166666666667,1018.6041666666666,18.6125,66.0,2.1,54.16666666666666,1,Light rain,1
2023_06,21.475000000000005,18.0,24.4,31.475000000000005,26.0,36.4,71.25,1012.3041666666668,5.841666666666666,206.0,6.9,37.5,1,Rain,1
2023_07,18.7875,14.6,22.5,28.7875,22.6,34.5,81.08333333333333,1001.1,6.75,192.66666666666663,10.8,33.33333333333333,1,Rain,1
2023_08,15.608333333333334,12.6,19.6,25.60833333333333,20.6,31.6,78.91666666666667,1009.9541666666668,17.525,36.708333333333336,1.4,29.166666666666668,1,Light rain,1
2023_09,18.08333333333333,11.5,24.0,28.08333333333333,19.5,36.0,72.04166666666667,934.7583333333332,4.908333333333333,219.79166666666663,0.3,12.5,1,Light rain,1
2023_10,17.787499999999998,13.9,22.0,27.7875,21.9,34.0,74.79166666666667,1000.4041666666666,12.620833333333332,210.375,0.3,8.333333333333332,1,Light rain,1
2023_11,23.21666666666667,15.9,29.0,33.21666666666667,23.9,41.0,57.04166666666666,988.5375,8.8,223.16666666666663,0.0,0.0,0,Dry,1
2023_12,15.370833333333332,13.2,17.8,25.37083333333333,21.2,29.8,79.375,968.5291666666668,21.03333333333333,251.125,2.7,54.16666666666666,1,Light rain,1
2023_13,16.133333333333336,14.5,17.4,26.133333333333336,22.5,29.4,77.95833333333333,1007.8458333333332,24.09166666666667,248.125,3.4,50.0,1,Light rain,1
2023_14,22.629166666666663,17.0,27.9,32.62916666666666,25.0,39.9,76.41666666666667,1000.5708333333332,6.383333333333333,255.75,0.0,0.0,0,Dry,1
2023_15,28.36666666666667,26.5,30.6,38.366666666666674,34.5,42.6,75.58333333333333,1008.8875,10.383333333333333,136.66666666666666,2.7,37.5,1,Light rain,1
2023_16,23.725,19.9,26.7,33.724999999999994,27.9,38.7,66.125,1013.6166666666668,9.233333333333333,142.08333333333334,0.0,0.0,0,Dry,1
2023_17,32.675000000000004,27.0,40.5,42.675,35.0,52.5,60.208333333333336,1008.4333333333334,8.529166666666667,215.9583333333333,0.0,0.0,0,Dry,1
2023_18,25.85,20.9,31.2,35.849999999999994,28.9,43.2,60.833333333333336,994.7666666666668,13.987500000000002,177.95833333333334,0.1,4.166666666666666,1,Dry with recorded precipitation nearby,1
2023_19,17.191666666666666,12.6,25.2,27.191666666666663,20.6,37.2,70.0,785.6124999999998,8.195833333333333,312.625,0.3,4.166666666666666,1,Light rain,1
2023_20,17.587500000000002,14.8,21.1,27.5875,22.8,33.1,81.0,927.9541666666668,13.375,151.75,0.3,12.5,1,Light rain,1
2023_21,14.404166666666669,10.1,19.1,24.40416666666667,18.1,31.1,52.04166666666666,938.8875000000002,25.2,249.8333333333333,0.0,0.0,0,Dry,1
2023_22,24.391666666666666,19.0,29.1,34.391666666666666,27.0,41.1,59.875,1014.7208333333332,8.424999999999999,193.25,0.0,0.0,0,Dry,1
2024_01,16.679166666666664,12.7,21.2,26.679166666666664,20.7,33.2,54.625,1017.6791666666668,10.6625,204.54166666666663,0.0,0.0,0,Dry,1
2024_02,23.625,18.4,29.2,33.625,26.4,41.2,60.458333333333336,1013.2791666666668,17.495833333333334,177.45833333333334,0.0,0.0,0,Dry,1
2024_03,16.2375,12.1,21.4,26.2375,20.1,33.4,66.66666666666667,1020.9874999999998,14.158333333333331,271.7916666666667,0.0,0.0,0,Dry,1
2024_04,16.145833333333332,12.4,21.2,26.14583333333333,20.4,33.2,80.20833333333333,1013.3625,5.5375000000000005,154.5,0.3,8.333333333333332,1,Light rain,1
2024_05,16.2,13.6,20.2,26.2,21.6,32.2,82.875,1011.325,6.979166666666667,207.5833333333333,1.7,29.166666666666668,1,Light rain,1
2024_06,25.241666666666664,22.1,28.8,35.24166666666666,30.1,40.8,71.66666666666667,1015.9541666666668,12.987500000000002,108.625,0.3,12.5,1,Light rain,1
2024_07,18.366666666666664,12.2,23.7,28.366666666666664,20.2,35.7,78.29166666666667,1006.7875,5.7875000000000005,206.5833333333333,0.2,8.333333333333332,1,Dry with recorded precipitation nearby,1
2024_08,17.991666666666664,14.4,20.8,27.991666666666664,22.4,32.8,81.83333333333333,1016.5,4.666666666666667,179.20833333333334,0.0,0.0,0,Dry,1
2024_09,16.48333333333333,14.4,19.2,26.48333333333333,22.4,31.2,76.08333333333333,998.6666666666666,18.89583333333333,248.625,4.4,45.83333333333333,1,Rain,1
2024_10,19.679166666666664,18.0,22.1,29.679166666666664,26.0,34.1,79.5,1001.9375,8.0625,215.5833333333333,2.8,45.83333333333333,1,Light rain,1
2024_11,22.675,16.7,29.0,32.675,24.7,41.0,68.875,935.0166666666668,6.804166666666667,240.4583333333333,0.0,0.0,0,Dry,1
2024_12,12.8375,9.2,16.3,22.8375,17.2,28.3,77.33333333333333,990.875,15.550000000000002,234.2083333333333,2.0,33.33333333333333,1,Light rain,1
2024_13,24.1875,19.8,28.5,34.1875,27.8,40.5,70.0,981.45,5.754166666666666,242.04166666666663,0.2,8.333333333333332,1,Dry with recorded precipitation nearby,1
2024_14,15.875,12.0,19.8,25.875,20.0,31.8,79.625,979.1041666666666,9.3875,243.66666666666663,0.0,0.0,0,Dry,1
2024_15,17.316666666666666,15.3,18.3,27.316666666666663,23.3,30.3,66.875,1016.9375,31.820833333333336,245.41666666666663,5.6,41.66666666666667,1,Rain,1
2024_16,24.975000000000005,20.5,30.8,34.97500000000001,28.5,42.8,68.75,994.1,7.854166666666667,139.45833333333334,19.1,16.666666666666664,1,Rain,1
2024_17,22.6625,18.0,26.6,32.662499999999994,26.0,38.6,47.375,1016.8,16.991666666666664,155.16666666666666,0.0,0.0,0,Dry,1
2024_18,29.59166666666667,25.6,32.2,39.59166666666667,33.6,44.2,74.29166666666667,1007.7166666666668,10.416666666666668,118.25,0.0,0.0,0,Dry,1
2024_19,23.03333333333333,16.2,29.4,33.03333333333333,24.2,41.4,55.41666666666666,1007.15,10.466666666666669,82.58333333333333,0.0,0.0,0,Dry,1
2024_20,15.050000000000002,11.5,20.9,25.050000000000004,19.5,32.9,71.58333333333333,789.9583333333334,12.458333333333334,274.5,1.8,12.5,1,Light rain,1
2024_21,20.195833333333336,19.4,21.9,30.195833333333336,27.4,33.9,93.0,927.9208333333332,9.2875,82.75,16.6,83.33333333333334,1,Rain,1
2024_22,13.029166666666669,5.1,23.0,23.02916666666667,13.1,35.0,21.95833333333333,937.4375,7.554166666666667,203.625,0.0,0.0,0,Dry,1
2024_23,19.716666666666665,17.2,23.1,29.716666666666665,25.2,35.1,59.958333333333336,1015.3375,20.525,306.1666666666667,0.0,0.0,0,Dry,1
2024_24,23.5875,18.1,30.0,33.587500000000006,26.1,42.0,51.458333333333336,1017.9125,10.091666666666669,67.29166666666667,0.0,0.0,0,Dry,1
2025_01,14.845833333333331,12.4,20.2,24.84583333333333,20.4,32.2,68.91666666666667,1016.3666666666668,22.975,219.875,13.1,62.5,1,Rain,1
2025_02,20.10833333333333,13.3,27.8,30.10833333333333,21.3,39.8,52.583333333333336,1011.7583333333332,13.1375,246.0,3.4,25.0,1,Light rain,1
2025_03,11.816666666666668,8.4,15.9,21.81666666666667,16.4,27.9,78.79166666666667,1010.1583333333332,10.15,219.3333333333333,7.4,16.666666666666664,1,Rain,1
2025_04,26.054166666666664,22.4,30.2,36.05416666666666,30.4,42.2,55.333333333333336,1008.6333333333332,17.162499999999998,347.4583333333333,0.0,0.0,0,Dry,1
2025_05,30.616666666666664,26.5,35.8,40.61666666666666,34.5,47.8,45.41666666666666,1007.2041666666668,7.966666666666666,182.5833333333333,0.0,0.0,0,Dry,1
2025_06,25.3,22.9,29.0,35.3,30.9,41.0,74.29166666666667,1012.7458333333334,6.4625,150.95833333333334,2.0,25.0,1,Light rain,1
2025_07,17.820833333333336,12.9,21.8,27.820833333333336,20.9,33.8,57.16666666666666,1010.5083333333332,18.92083333333333,229.0833333333333,1.0,4.166666666666666,1,Light rain,1
2025_08,18.40833333333333,13.5,22.0,28.40833333333333,21.5,34.0,67.625,1014.8416666666668,6.895833333333333,215.8333333333333,0.0,0.0,0,Dry,1
2025_09,23.59166666666667,15.9,29.8,33.59166666666667,23.9,41.8,62.91666666666666,1003.7583333333332,4.841666666666667,231.7083333333333,0.0,0.0,0,Dry,1
2025_10,18.620833333333334,11.0,25.8,28.620833333333334,19.0,37.8,45.333333333333336,1019.15,4.695833333333334,66.41666666666667,0.0,0.0,0,Dry,1
2025_11,24.149999999999995,14.9,31.9,34.14999999999999,22.9,43.9,59.41666666666666,946.25,4.595833333333333,199.625,0.0,0.0,0,Dry,1
2025_12,16.912499999999998,14.0,19.4,26.9125,22.0,31.4,76.70833333333333,988.6291666666666,15.3125,283.3333333333333,12.1,37.5,1,Rain,1
2025_13,15.179166666666664,12.9,19.1,25.179166666666667,20.9,31.1,92.33333333333331,968.8333333333334,9.375,305.625,11.3,87.5,1,Rain,1
2025_14,20.495833333333334,16.9,25.9,30.495833333333334,24.9,37.9,68.16666666666667,986.4041666666666,9.958333333333334,279.5,3.1,25.0,1,Light rain,1
2025_15,18.75,17.7,20.4,28.75,25.7,32.4,80.625,1005.6124999999998,16.229166666666668,210.75,3.4,29.166666666666668,1,Light rain,1
2025_16,20.325,15.1,25.4,30.325,23.1,37.4,74.25,997.7541666666666,3.533333333333333,219.54166666666663,0.0,0.0,0,Dry,1
2025_17,17.054166666666667,15.7,19.1,27.054166666666667,23.7,31.1,72.70833333333333,1021.1583333333332,22.116666666666664,344.875,0.8,20.833333333333336,1,Light rain,1
2025_18,27.60833333333333,25.0,30.5,37.60833333333333,33.0,42.5,81.54166666666667,1010.9041666666668,6.333333333333333,173.66666666666666,1.8,12.5,1,Light rain,1
2025_19,25.45416666666667,19.7,31.6,35.454166666666666,27.7,43.6,40.375,998.0166666666668,16.383333333333336,163.41666666666666,0.0,0.0,0,Dry,1
2025_20,19.8125,12.2,27.2,29.8125,20.2,39.2,46.833333333333336,786.9791666666666,4.529166666666667,195.375,0.0,0.0,0,Dry,1
2025_21,16.21666666666667,14.2,19.5,26.21666666666667,22.2,31.5,83.58333333333333,929.1625,14.4125,153.375,2.4,58.333333333333336,1,Light rain,1
2025_22,12.804166666666664,8.6,18.1,22.804166666666667,16.6,30.1,58.66666666666666,940.7541666666666,5.566666666666666,230.41666666666663,0.0,0.0,0,Dry,1
2025_23,21.54583333333333,16.1,27.0,31.54583333333333,24.1,39.0,69.0,1016.1791666666668,9.520833333333334,280.25,0.0,0.0,0,Dry,1
2025_24,23.712499999999995,18.4,29.9,33.71249999999999,26.4,41.9,65.33333333333333,1017.9625,10.583333333333334,92.08333333333331,0.0,0.0,0,Dry,1
2026_01,19.091666666666665,14.2,24.8,29.091666666666665,22.2,36.8,74.66666666666667,1012.5958333333332,9.520833333333334,125.54166666666669,0.0,0.0,0,Dry,1
2026_02,12.4125,9.6,18.2,22.4125,17.6,30.2,72.375,1025.4291666666666,8.929166666666667,56.75,1.7,41.66666666666667,1,Light rain,1
2026_03,14.9,11.4,18.9,24.9,19.4,30.9,75.95833333333333,1014.1291666666666,5.391666666666666,199.875,0.0,0.0,0,Dry,1
2026_04,25.329166666666666,22.0,30.1,35.329166666666666,30.0,42.1,79.91666666666667,1013.9541666666668,7.625,231.8333333333333,14.0,50.0,1,Rain,1
